module,column
01,p1141
01,p1142
01,p1143
01,p1144
01,p1145
01,p1146
01,p1171_01
01,p1171_02
01,p1171_03
01,p1171_04
01,p1171_05
01,p1171_06
01,p1171_07
01,p1171_08
01,p1171_09
01,p1171_10
01,p1171_11
01,p1171_12
01,p1171_13
01,p1171_14
01,p1171_15
01,p1171_16
01,p1171_17
04,p401d1
04,p401d2
04,p401d3
04,p401d4
04,p401d5
04,p401d6
04,p401d7
04,p401d8
04,p401d9
04,p401e1
04,p401e2
04,p401e3
04,p401e4
04,p401e5
04,p401e6
04,p401e7
04,p407l1
04,p407l2
04,p407l3
04,p407l4
04,p407l5
04,p407l6
04,p407l7
04,p407l8
04,p407l9
04,p4151_01
04,p4151_02
04,p4151_03
04,p4151_04
04,p4151_05
04,p4151_06
04,p4151_07
04,p4151_08
04,p4151_09
04,p4151_10
04,p4151_11
04,p4151_12
04,p4151_13
04,p4151_14
04,p4151_15
04,p4151_16
04,p4152_01
04,p4152_02
04,p4152_03
04,p4152_04
04,p4152_05
04,p4152_06
04,p4152_07
04,p4152_08
04,p4152_09
04,p4152_10
04,p4152_11
04,p4152_12
04,p4152_13
04,p4152_14
04,p4152_15
04,p4152_16
04,p4153_01
04,p4153_02
04,p4153_03
04,p4153_04
04,p4153_05
04,p4153_06
04,p4153_07
04,p4153_08
04,p4153_09
04,p4153_10
04,p4153_11
04,p4153_12
04,p4153_13
04,p4153_14
04,p4153_15
04,p4153_16
04,p4154_01
04,p4154_02
04,p4154_03
04,p4154_04
04,p4154_05
04,p4154_06
04,p4154_07
04,p4154_08
04,p4154_09
04,p4154_10
04,p4154_11
04,p4154_12
04,p4154_13
04,p4154_14
04,p4154_15
04,p4154_16
04,p4155_01
04,p4155_02
04,p4155_03
04,p4155_04
04,p4155_05
04,p4155_06
04,p4155_07
04,p4155_08
04,p4155_09
04,p4155_10
04,p4155_11
04,p4155_12
04,p4155_13
04,p4155_14
04,p4155_15
04,p4155_16
04,p4156_01
04,p4156_02
04,p4156_03
04,p4156_04
04,p4156_05
04,p4156_06
04,p4156_07
04,p4156_08
04,p4156_09
04,p4156_10
04,p4156_11
04,p4156_12
04,p4156_13
04,p4156_14
04,p4156_15
04,p4156_16
04,p4157_01
04,p4157_02
04,p4157_03
04,p4157_04
04,p4157_05
04,p4157_06
04,p4157_07
04,p4157_08
04,p4157_09
04,p4157_10
04,p4157_11
04,p4157_12
04,p4157_13
04,p4157_14
04,p4157_15
04,p4157_16
04,p4158_01
04,p4158_02
04,p4158_03
04,p4158_04
04,p4158_05
04,p4158_06
04,p4158_07
04,p4158_08
04,p4158_09
04,p4158_10
04,p4158_11
04,p4158_12
04,p4158_13
04,p4158_14
04,p4158_15
04,p4158_16
04,p4159_01
04,p4159_02
04,p4159_03
04,p4159_04
04,p4159_05
04,p4159_06
04,p4159_07
04,p4159_08
04,p4159_09
04,p4159_10
04,p4159_11
04,p4159_12
04,p4159_13
04,p4159_14
04,p4159_15
04,p4159_16
04,p4199
05,p513
05,p5111
05,p5112
05,p5113
05,p5114
05,p5115
05,p5116
05,p5117
05,p5118
05,p5119
05,p51110
05,p51111
05,p51112
05,p558g1
05,p558g2
05,p558g3
05,p558g4
05,p558g5
05,p558g6
05,p558g7
05,p558g8
05,p558h1_1
05,p558h1_2
05,p558h1_3
05,p558h1_4
05,p558h1_5
05,p558h1_6
05,p558h1_7
05,p558h1_8
05,p558h10_1
05,p558h10_2
05,p558h10_3
05,p558h10_4
05,p558h10_5
05,p558h10_6
05,p558h10_7
05,p558h10_8
05,p558h11_1
05,p558h11_2
05,p558h11_3
05,p558h11_4
05,p558h11_5
05,p558h11_6
05,p558h11_7
05,p558h11_8
05,p558h12_1
05,p558h12_2
05,p558h12_3
05,p558h12_4
05,p558h12_5
05,p558h12_6
05,p558h12_7
05,p558h12_8
05,p558h2_1
05,p558h2_2
05,p558h2_3
05,p558h2_4
05,p558h2_5
05,p558h2_6
05,p558h2_7
05,p558h2_8
05,p558h3_1
05,p558h3_2
05,p558h3_3
05,p558h3_4
05,p558h3_5
05,p558h3_6
05,p558h3_7
05,p558h3_8
05,p558h4_1
05,p558h4_2
05,p558h4_3
05,p558h4_4
05,p558h4_5
05,p558h4_6
05,p558h4_8
05,p558h5_1
05,p558h5_2
05,p558h5_3
05,p558h5_4
05,p558h5_5
05,p558h5_7
05,p558h5_8
05,p558h6_1
05,p558h6_2
05,p558h6_3
05,p558h6_4
05,p558h6_5
05,p558h6_7
05,p558h6_8
05,p558h7_1
05,p558h7_2
05,p558h7_3
05,p558h7_4
05,p558h7_5
05,p558h7_6
05,p558h7_7
05,p558h7_8
05,p558h8_1
05,p558h8_2
05,p558h8_3
05,p558h8_4
05,p558h8_5
05,p558h8_7
05,p558h9_1
05,p558h9_2
05,p558h9_3
05,p558h9_4
05,p558h9_5
05,p558h9_6
05,p558h9_7
05,p558h9_8
84,p801_1
84,p801_10
84,p801_11
84,p801_12
84,p801_13
84,p801_14
84,p801_15
84,p801_16
84,p801_17
84,p801_18
84,p801_19
84,p801_2
84,p801_20
84,p801_3
84,p801_4
84,p801_5
84,p801_6
84,p801_7
84,p801_8
84,p801_9
